ACCESSION_NUMBER,ID,ISEDGARFILER,COISSUERCIK,NAMEOFCOISSUER,LEGALSTATUSFORM,LEGALSTATUSOTHERDESC,JURISDICTIONORGANIZATION,DATEINCORPORATION,STREET1,STREET2,CITY,STATEORCOUNTRY,ZIPCODE,COISSUERWEBSITE
0001670254-25-000671,1,,,"BackerKit I, a series of Wefunder SPV, LLC",Limited Liability Company,,DE,25-APR-2025,1887 Whitney Mesa Dr,NUM 8885,Henderson,NV,89014,https://wefunder.com/
0001670254-25-000671,2,,,"BackerKit I EB, a series of Wefunder SPV, LLC",Limited Liability Company,,DE,25-APR-2025,1887 Whitney Mesa Dr,NUM 8885,Henderson,NV,89014,https://wefunder.com/
0001733164-25-000004,1,,,"KNPF WF SPV, LLC",Limited Liability Company,,DE,03-FEB-2021,2474 Decatur Street,,Denver,CO,80211,
0001670254-25-000669,1,,,"Alpha-Otto Technologies I, a series of Wefunder SPV, LLC",Limited Liability Company,,DE,25-JUN-2025,1887 Whitney Mesa Dr,NUM 8885,Henderson,NV,89014,https://wefunder.com/
0001670254-25-000669,2,,,"Alpha-Otto Technologies I EB, a series of Wefunder SPV, LLC",Limited Liability Company,,DE,25-JUN-2025,1887 Whitney Mesa Dr,NUM 8885,Henderson,NV,89014,https://wefunder.com/
0001670254-25-000668,1,,,"Sl8  I, a series of Wefunder SPV, LLC",Limited Liability Company,,DE,27-MAY-2025,1887 Whitney Mesa Dr,NUM 8885,Henderson,NV,89014,https://wefunder.com/
0001670254-25-000665,2,,,"MAKA I EB, a series of Wefunder SPV, LLC",Limited Liability Company,,DE,24-JUN-2025,1887 Whitney Mesa Dr,NUM 8885,Henderson,NV,89014,https://wefunder.com/
0001670254-25-000665,1,,,"MAKA I, a series of Wefunder SPV, LLC",Limited Liability Company,,DE,24-JUN-2025,1887 Whitney Mesa Dr,NUM 8885,Henderson,NV,89014,https://wefunder.com/
0001670254-25-000663,1,,,"Bunch Bikes I, a series of Wefunder SPV, LLC",Limited Liability Company,,DE,16-JUN-2025,1887 Whitney Mesa Dr,NUM 8885,Henderson,NV,89014,https://wefunder.com/
0001670254-25-000663,2,,,"Bunch Bikes I EB, a series of Wefunder SPV, LLC",Limited Liability Company,,DE,16-JUN-2025,1887 Whitney Mesa Dr,NUM 8885,Henderson,NV,89014,https://wefunder.com/
0001670254-25-000662,1,,,"Osnovum I, a series of Wefunder SPV, LLC",Limited Liability Company,,DE,04-JUN-2024,1887 Whitney Mesa Dr,NUM 8885,Henderson,NV,89014,https://wefunder.com/
0001062993-25-011923,1,,,"GenAI Works CF Investors SPV, LLC",Limited Liability Company,,DE,08-JUL-2024,"838 Walker Road, Suite 21-2",,Dover,DE,19904,
0001670254-25-000661,2,,,"Sen-Jam Pharmaceutical IV EB, a series of Wefunder SPV, LLC",Limited Liability Company,,DE,18-JUN-2025,1887 Whitney Mesa Dr,NUM 8885,Henderson,NV,89014,https://wefunder.com/
0001670254-25-000661,1,,,"Sen-Jam Pharmaceutical IV, a series of Wefunder SPV, LLC",Limited Liability Company,,DE,18-JUN-2025,1887 Whitney Mesa Dr,NUM 8885,Henderson,NV,89014,https://wefunder.com/
0001670254-25-000659,1,,,"EndoSound I, a series of Wefunder SPV, LLC",Limited Liability Company,,DE,17-JUN-2025,1887 Whitney Mesa Dr,NUM 8885,Henderson,NV,89014,https://wefunder.com/
0001920988-25-000002,1,,,"Havn I, a series of Wefunder SPV, LLC ",Limited Liability Company,,DE,05-NOV-2024,4104 24TH ST,,San Francisco,CA,94114,https://wefunder.com/
0001978358-25-000004,1,,,"SuperMush I, a series of Wefunder SPV ",Limited Liability Company,,DE,15-MAR-2021,  4104 24th St. ,,San Francisco,CA,94114,wefunder.com
0001062993-25-011731,1,,,Lia 27 SPV LLC,Limited Liability Company,,DE,16-NOV-2024,"18670 Coastal Highway, Ste #1078",,Rehoboth Beach,DE,19971,
0001670254-25-000657,2,,,"Swift ride I EB, a series of Wefunder SPV, LLC",Limited Liability Company,,DE,13-JUN-2025,1887 Whitney Mesa Dr,NUM 8885,Henderson,NV,89014,https://wefunder.com/
0001670254-25-000657,1,,,"Swift ride I, a series of Wefunder SPV, LLC",Limited Liability Company,,DE,13-JUN-2025,1887 Whitney Mesa Dr,NUM 8885,Henderson,NV,89014,https://wefunder.com/
0001670254-25-000655,2,,,"GigaStar I EB, a series of Wefunder SPV, LLC",Limited Liability Company,,DE,12-JUN-2025,1887 Whitney Mesa Dr,NUM 8885,Henderson,NV,89014,https://wefunder.com/
0001670254-25-000655,1,,,"GigaStar I, a series of Wefunder SPV, LLC",Limited Liability Company,,DE,12-JUN-2025,1887 Whitney Mesa Dr,NUM 8885,Henderson,NV,89014,https://wefunder.com/
0001062993-25-011619,1,,,"Westbound & Down Brewing CF Investors SPV, LLC",Limited Liability Company,,DE,24-JAN-2025,"2755 Dagny Way, Unit 101",,Lafayette,CO,80026,www.westboundanddown.com
0001670254-25-000654,1,,,"Eliaz Therapeutics I, a series of Wefunder SPV, LLC",Limited Liability Company,,DE,06-NOV-2024,1887 Whitney Mesa Dr,NUM 8885,Henderson,NV,89014,https://wefunder.com/
0001670254-25-000654,2,,,"Eliaz Therapeutics I EB, a series of Wefunder SPV, LLC",Limited Liability Company,,DE,06-NOV-2024,1887 Whitney Mesa Dr,NUM 8885,Henderson,NV,89014,https://wefunder.com/
0001670254-25-000652,1,,,"Mavrek I, a series of Wefunder SPV, LLC",Limited Liability Company,,DE,11-JUN-2025,1887 Whitney Mesa Dr,NUM 8885,Henderson,NV,89014,https://wefunder.com/
0001670254-25-000652,2,,,"Mavrek I EB, a series of Wefunder SPV, LLC",Limited Liability Company,,DE,11-JUN-2025,1887 Whitney Mesa Dr,NUM 8885,Henderson,NV,89014,https://wefunder.com/
0001641172-25-014734,1,,,"Skybound Holdings CF Investors SPV, LLC",Limited Liability Company,,DE,15-JAN-2025,9570 West Pico Boulevard,,Los Angeles,CA,90035,
0001062993-25-011388,1,,,"GenAI Works CF Investors SPV, LLC",Limited Liability Company,,DE,08-JUL-2024,838 WALKER ROAD,SUITE 21-2,DOVER,DE,19904,
0001670254-25-000651,1,,,"Groomit II, a series of Wefunder SPV, LLC",Limited Liability Company,,DE,09-JUN-2025,1887 Whitney Mesa Dr,NUM 8885,Henderson,NV,89014,https://wefunder.com/
0001670254-25-000647,1,,,"ViiT Health III, a series of Wefunder SPV, LLC",Limited Liability Company,,DE,10-JUN-2025,1887 Whitney Mesa Dr,NUM 8885,Henderson,NV,89014,https://wefunder.com/
0001670254-25-000644,2,,,"Skinbit I EB, a series of Wefunder SPV, LLC",Limited Liability Company,,DE,09-JUN-2025,1887 Whitney Mesa Dr,NUM 8885,Henderson,NV,89014,https://wefunder.com/
0001670254-25-000645,2,,,"Embolden Beverage Group I EB, a series of Wefunder SPV, LLC",Limited Liability Company,,DE,10-JUN-2025,1887 Whitney Mesa Dr,NUM 8885,Henderson,NV,89014,https://wefunder.com/
0001670254-25-000644,1,,,"Skinbit I, a series of Wefunder SPV, LLC",Limited Liability Company,,DE,09-JUN-2025,1887 Whitney Mesa Dr,NUM 8885,Henderson,NV,89014,https://wefunder.com/
0001670254-25-000647,2,,,"ViiT Health III EB, a series of Wefunder SPV, LLC",Limited Liability Company,,DE,10-JUN-2025,1887 Whitney Mesa Dr,NUM 8885,Henderson,NV,89014,https://wefunder.com/
0001670254-25-000645,1,,,"Embolden Beverage Group I, a series of Wefunder SPV, LLC",Limited Liability Company,,DE,10-JUN-2025,1887 Whitney Mesa Dr,NUM 8885,Henderson,NV,89014,https://wefunder.com/
0001670254-25-000651,2,,,"Groomit II EB, a series of Wefunder SPV, LLC",Limited Liability Company,,DE,09-JUN-2025,1887 Whitney Mesa Dr,NUM 8885,Henderson,NV,89014,https://wefunder.com/
0001670254-25-000640,2,,,"Wild Rye I EB, a series of Wefunder SPV, LLC",Limited Liability Company,,DE,05-JUN-2025,1887 Whitney Mesa Dr,NUM 8885,Henderson,NV,89014,https://wefunder.com/
0001670254-25-000640,1,,,"Wild Rye I, a series of Wefunder SPV, LLC",Limited Liability Company,,DE,05-JUN-2025,1887 Whitney Mesa Dr,NUM 8885,Henderson,NV,89014,https://wefunder.com/
0001670254-25-000638,2,,,"Mark's Snacks I EB, a series of Wefunder SPV, LLC",Limited Liability Company,,DE,05-JUN-2025,1887 Whitney Mesa Dr,NUM 8885,Henderson,NV,89014,https://wefunder.com/
0001670254-25-000638,1,,,"Mark's Snacks I, a series of Wefunder SPV, LLC",Limited Liability Company,,DE,05-JUN-2025,1887 Whitney Mesa Dr,NUM 8885,Henderson,NV,89014,https://wefunder.com/
0001062993-25-011029,1,,,"TERNUS CF Investors SPV, LLC",Limited Liability Company,,DE,09-JAN-2025,"325 North Saint Paul Street, Suite 3100",,Dallas,TX,75201,
0001670254-25-000635,2,,,"Sphere I EB, a series of Wefunder SPV, LLC",Limited Liability Company,,DE,02-JUN-2025,1887 Whitney Mesa Dr,NUM 8885,Henderson,NV,89014,https://wefunder.com/
0001670254-25-000635,1,,,"Sphere I, a series of Wefunder SPV, LLC",Limited Liability Company,,DE,02-JUN-2025,1887 Whitney Mesa Dr,NUM 8885,Henderson,NV,89014,https://wefunder.com/
0001062993-25-010906,1,,,Musaffa CFV LLC,Limited Liability Company,,WY,13-NOV-2023,ONE WORLD TRADE CENTER,"285 FULTON ST, SUITE 8500",New York,NY,10007,
0001670254-25-000633,1,,,"BackerKit I, a series of Wefunder SPV, LLC",Limited Liability Company,,DE,25-APR-2025,1887 Whitney Mesa Dr,NUM 8885,Henderson,NV,89014,https://wefunder.com/
0001670254-25-000633,2,,,"BackerKit I EB, a series of Wefunder SPV, LLC",Limited Liability Company,,DE,25-APR-2025,1887 Whitney Mesa Dr,NUM 8885,Henderson,NV,89014,https://wefunder.com/
0001670254-25-000631,1,,,"Black fives I, a series of Wefunder SPV, LLC",Limited Liability Company,,DE,27-MAY-2025,1887 Whitney Mesa Dr,NUM 8885,Henderson,NV,89014,https://wefunder.com/
0001062993-25-010550,1,,,"Tombot Seed Prime CF SPV, LLC",Limited Liability Company,,DE,03-OCT-2024,"19197 Golden Valley Road, #638,",,Santa Clarita,CA,91387,
0001670254-25-000629,2,,,"Bala enzyme I EB, a series of Wefunder SPV, LLC",Limited Liability Company,,DE,28-MAY-2025,1887 Whitney Mesa Dr,NUM 8885,Henderson,NV,89014,https://wefunder.com/
0001670254-25-000629,1,,,"Bala enzyme I, a series of Wefunder SPV, LLC",Limited Liability Company,,DE,28-MAY-2025,1887 Whitney Mesa Dr,NUM 8885,Henderson,NV,89014,https://wefunder.com/
0001062993-25-010499,1,,,Musaffa CFV LLC,Limited Liability Company,,WY,13-NOV-2023,One World Trade Center,"285 Fulton St, Suite 8500",NEW YORK,NY,10007,
0001670254-25-000627,2,,,"Kif Kefir Soda I EB, a series of Wefunder SPV, LLC",Limited Liability Company,,DE,23-MAY-2025,1887 Whitney Mesa Dr,NUM 8885,Henderson,NV,89014,https://wefunder.com/
0001670254-25-000627,1,,,"Kif Kefir Soda I, a series of Wefunder SPV, LLC",Limited Liability Company,,DE,23-MAY-2025,1887 Whitney Mesa Dr,NUM 8885,Henderson,NV,89014,https://wefunder.com/
0001670254-25-000625,1,,,"Arro Finance I, a series of Wefunder SPV, LLC",Limited Liability Company,,DE,10-DEC-2024,1887 Whitney Mesa Dr,NUM 8885,Henderson,NV,89014,https://wefunder.com/
0001670254-25-000621,1,,,"Jasper I, a series of Wefunder SPV, LLC",Limited Liability Company,,DE,27-MAY-2025,1887 Whitney Mesa Dr,NUM 8885,Henderson,NV,89014,https://wefunder.com/
0001670254-25-000617,1,,,"Sl8  I, a series of Wefunder SPV, LLC",Limited Liability Company,,DE,27-MAY-2025,1887 Whitney Mesa Dr,NUM 8885,Henderson,NV,89014,https://wefunder.com/
0001670254-25-000611,1,,,"Vampire corp. II, a series of Wefunder SPV, LLC",Limited Liability Company,,DE,23-MAY-2025,1887 Whitney Mesa Dr,NUM 8885,Henderson,NV,89014,https://wefunder.com/
0001670254-25-000611,2,,,"Vampire corp. II EB, a series of Wefunder SPV, LLC",Limited Liability Company,,DE,23-MAY-2025,1887 Whitney Mesa Dr,NUM 8885,Henderson,NV,89014,https://wefunder.com/
0001670254-25-000608,1,,,"Stellaris Corporation I, a series of Wefunder SPV, LLC",Limited Liability Company,,DE,22-MAY-2025,1887 Whitney Mesa Dr,NUM 8885,Henderson,NV,89014,https://wefunder.com/
0001670254-25-000608,2,,,"Stellaris Corporation I EB, a series of Wefunder SPV, LLC",Limited Liability Company,,DE,22-MAY-2025,1887 Whitney Mesa Dr,NUM 8885,Henderson,NV,89014,https://wefunder.com/
0001873218-25-000002,1,,,"Taylor Hoffman I, a series of Wefunder SPV, LLC",Limited Liability Company,,DE,15-MAR-2022,1887 Whitney Mesa Drive,#8885,Henderson,NV,89014,https://wefunder.com
0001670254-25-000607,1,,,"Azure IV, a series of Wefunder SPV, LLC",Limited Liability Company,,DE,21-MAY-2025,1887 Whitney Mesa Dr,NUM 8885,Henderson,NV,89014,https://wefunder.com/
0001670254-25-000607,2,,,"Azure IV EB, a series of Wefunder SPV, LLC",Limited Liability Company,,DE,21-MAY-2025,1887 Whitney Mesa Dr,NUM 8885,Henderson,NV,89014,https://wefunder.com/
0001670254-25-000604,1,,,"Need I, a series of Wefunder SPV, LLC",Limited Liability Company,,DE,21-MAY-2025,1887 Whitney Mesa Dr,NUM 8885,Henderson,NV,89014,https://wefunder.com/
0001670254-25-000603,2,,,"Emission Free Generators II EB, a series of Wefunder SPV, LLC",Limited Liability Company,,DE,16-MAY-2024,1887 Whitney Mesa Dr,NUM 8885,Henderson,NV,89014,https://wefunder.com/
0001670254-25-000603,1,,,"Emission Free Generators II, a series of Wefunder SPV, LLC",Limited Liability Company,,DE,16-MAY-2024,1887 Whitney Mesa Dr,NUM 8885,Henderson,NV,89014,https://wefunder.com/
0001670254-25-000597,1,,,"Unbridled  I, a series of Wefunder SPV, LLC",Limited Liability Company,,DE,06-MAY-2025,1887 Whitney Mesa Dr,NUM 8885,Henderson,NV,89014,https://wefunder.com/
0001760404-25-000005,1,,,"Greenfield Robotics Crowdfunding Vehicle, LLC",Limited Liability Company,,DE,22-AUG-2024,36706 WEST 39TH STREET SOUTH,,CHENEY,KS,67025,https://www.greenfieldincorporated.com/
0001670254-25-000593,2,,,"Culture Wireless I EB, a series of Wefunder SPV, LLC",Limited Liability Company,,DE,16-MAY-2025,1887 Whitney Mesa Dr,NUM 8885,Henderson,NV,89014,https://wefunder.com/
0001670254-25-000593,1,,,"Culture Wireless I, a series of Wefunder SPV, LLC",Limited Liability Company,,DE,16-MAY-2025,1887 Whitney Mesa Dr,NUM 8885,Henderson,NV,89014,https://wefunder.com/
0002066444-25-000001,1,,,"The Fan Engine SPV, LLC",Limited Liability Company,,DE,10-MAR-2025,16192 Coastal Highway,,Lewes,DE,19958,https://thefanengine.com/
0001670254-25-000584,1,,,"Sircles III, a series of Wefunder SPV, LLC",Limited Liability Company,,DE,07-APR-2025,1887 Whitney Mesa Dr,NUM 8885,Henderson,NV,89014,https://wefunder.com/
0001670254-25-000585,2,,,"LiftWave I EB, a series of Wefunder SPV, LLC",Limited Liability Company,,DE,15-JAN-2025,1887 Whitney Mesa Dr,NUM 8885,Henderson,NV,89014,https://wefunder.com/
0001670254-25-000586,2,,,"The SMART Tire Company III EB, a series of Wefunder SPV, LLC",Limited Liability Company,,DE,15-MAY-2025,1887 Whitney Mesa Dr,NUM 8885,Henderson,NV,89014,https://wefunder.com/
0001670254-25-000586,1,,,"The SMART Tire Company III, a series of Wefunder SPV, LLC",Limited Liability Company,,DE,15-MAY-2025,1887 Whitney Mesa Dr,NUM 8885,Henderson,NV,89014,https://wefunder.com/
0001670254-25-000588,1,,,"Vita Imaging I, a series of Wefunder SPV, LLC",Limited Liability Company,,DE,15-MAY-2025,1887 Whitney Mesa Dr,NUM 8885,Henderson,NV,89014,https://wefunder.com/
0001670254-25-000584,2,,,"Sircles III EB, a series of Wefunder SPV, LLC",Limited Liability Company,,DE,07-APR-2025,1887 Whitney Mesa Dr,NUM 8885,Henderson,NV,89014,https://wefunder.com/
0001670254-25-000585,1,,,"LiftWave I, a series of Wefunder SPV, LLC",Limited Liability Company,,DE,15-JAN-2025,1887 Whitney Mesa Dr,NUM 8885,Henderson,NV,89014,https://wefunder.com/
0001670254-25-000588,2,,,"Vita Imaging I EB, a series of Wefunder SPV, LLC",Limited Liability Company,,DE,15-MAY-2025,1887 Whitney Mesa Dr,NUM 8885,Henderson,NV,89014,https://wefunder.com/
0001644600-25-000042,1,,,"Heroic CF SPV, LLC",Limited Liability Company,,DE,21-APR-2023,5900 BALCONES DRIVE,SUITE 13912,Austin,TX,78731,https://heroic.us
0001670254-25-000580,1,,,"TableOne I, a series of Wefunder SPV, LLC",Limited Liability Company,,DE,14-MAY-2025,1887 Whitney Mesa Dr,NUM 8885,Henderson,NV,89014,https://wefunder.com/
0001850257-25-000001,1,,,"Wunderground Coffee CF SPV, LLC ",Limited Liability Company,,DE,05-OCT-2023,1111 E PIKE STREET,,Seattle,WA,98122,
0001062993-25-009099,1,,,"Westbound & Down Brewing CF Investors SPV, LLC",Limited Liability Company,,DE,24-JAN-2025,"2755 Dagny Way, Unit 101",,Lafayette,CO,80026,
0001670254-25-000572,1,,,"Vatom I, a series of Wefunder SPV, LLC",Limited Liability Company,,DE,09-MAY-2025,1887 Whitney Mesa Dr,NUM 8885,Henderson,NV,89014,https://wefunder.com/
0001670254-25-000572,2,,,"Vatom I EB, a series of Wefunder SPV, LLC",Limited Liability Company,,DE,09-MAY-2025,1887 Whitney Mesa Dr,NUM 8885,Henderson,NV,89014,https://wefunder.com/
0001062993-25-008975,1,,,"Balance Plus SPV, LLC",Limited Liability Company,,DE,17-APR-2025,"3 Germay Dr, Unit 4, #2345",,Wilmington,DE,19804,
0001670254-25-000568,2,,,"Mamou spirits I EB, a series of Wefunder SPV, LLC",Limited Liability Company,,DE,08-MAY-2025,1887 Whitney Mesa Dr,NUM 8885,Henderson,NV,89014,https://wefunder.com/
0001670254-25-000568,1,,,"Mamou spirits I, a series of Wefunder SPV, LLC",Limited Liability Company,,DE,08-MAY-2025,1887 Whitney Mesa Dr,NUM 8885,Henderson,NV,89014,https://wefunder.com/
0001670254-25-000570,2,,,"Immersive exposure I EB, a series of Wefunder SPV, LLC",Limited Liability Company,,DE,08-MAY-2025,1887 Whitney Mesa Dr,NUM 8885,Henderson,NV,89014,https://wefunder.com/
0001670254-25-000570,1,,,"Immersive exposure I, a series of Wefunder SPV, LLC",Limited Liability Company,,DE,08-MAY-2025,1887 Whitney Mesa Dr,NUM 8885,Henderson,NV,89014,https://wefunder.com/
0001871680-25-000008,1,EdgarFiler,0001670254,Wefunder Portal LLC,Limited Liability Company,,DE,08-MAY-2024,4104 24TH STREET,,SAN FRANCISCO,CA,94114,
0001062993-25-008813,1,,,"ReelView Fishing CF Investors SPV, LLC",Limited Liability Company,,DE,20-DEC-2024,14 Devens Road,,Swampscott,MA,01907,
0001670254-25-000565,1,,,"Dermasport I, a series of Wefunder SPV, LLC",Limited Liability Company,,DE,07-MAY-2025,1887 Whitney Mesa Dr,NUM 8885,Henderson,NV,89014,https://wefunder.com/
0001670254-25-000565,2,,,"Dermasport I EB, a series of Wefunder SPV, LLC",Limited Liability Company,,DE,07-MAY-2025,1887 Whitney Mesa Dr,NUM 8885,Henderson,NV,89014,https://wefunder.com/
0001670254-25-000567,2,,,"BackerKit I EB, a series of Wefunder SPV, LLC",Limited Liability Company,,DE,25-APR-2025,1887 Whitney Mesa Dr,NUM 8885,Henderson,NV,89014,https://wefunder.com/
0001670254-25-000567,1,,,"BackerKit I, a series of Wefunder SPV, LLC",Limited Liability Company,,DE,25-APR-2025,1887 Whitney Mesa Dr,NUM 8885,Henderson,NV,89014,https://wefunder.com/
0001670254-25-000555,1,,,"Sous Chef Studio I, a series of Wefunder SPV, LLC",Limited Liability Company,,DE,08-OCT-2024,1887 Whitney Mesa Dr,NUM 8885,Henderson,NV,89014,https://wefunder.com/
0001670254-25-000555,2,,,"Sous Chef Studio I EB, a series of Wefunder SPV, LLC",Limited Liability Company,,DE,08-OCT-2024,1887 Whitney Mesa Dr,NUM 8885,Henderson,NV,89014,https://wefunder.com/
0001670254-25-000553,2,,,"All Better Co. I EB, a series of Wefunder SPV, LLC",Limited Liability Company,,DE,05-MAY-2025,1887 Whitney Mesa Dr,NUM 8885,Henderson,NV,89014,https://wefunder.com/
0001670254-25-000553,1,,,"All Better Co. I, a series of Wefunder SPV, LLC",Limited Liability Company,,DE,05-MAY-2025,1887 Whitney Mesa Dr,NUM 8885,Henderson,NV,89014,https://wefunder.com/
0001875092-25-000004,1,,,"OurBanc Corporation I, a series of Wefunder SPV, LLC",Limited Liability Company,,DE,25-AUG-2021,"4104 24th Street, PMB 8113",,San Francisco,CA,94114,https://wefunder.com/
0001907993-25-000003,1,,,"necoBrands I, a series of Wefunder SPV, L",Limited Liability Company,,DE,15-MAR-2021,4104 24TH ST ,PMB 8113,SAN FRANCISCO,CA,94114,www.wefunder.com
0001907993-25-000002,1,,,"necoBrands I, a series of Wefunder SPV, LLC",Limited Liability Company,,DE,15-MAR-2021,4104 24TH ST,PMB 8113,San Francisco,CA,94114,www.wefunder.com
0001871680-25-000002,1,EdgarFiler,0001670254,Wefunder Portal LLC,Limited Liability Company,,DE,08-MAY-2024,4104 24TH STREET,,SAN FRANCISCO,CA,94114,
0001670254-25-000542,1,,,"Medcoshare inc.  I, a series of Wefunder SPV, LLC",Limited Liability Company,,DE,02-MAY-2025,1887 Whitney Mesa Dr,NUM 8885,Henderson,NV,89014,https://wefunder.com/
0001670254-25-000542,2,,,"Medcoshare inc.  I EB, a series of Wefunder SPV, LLC",Limited Liability Company,,DE,02-MAY-2025,1887 Whitney Mesa Dr,NUM 8885,Henderson,NV,89014,https://wefunder.com/
0001670254-25-000538,2,,,"Waters edge wineries I EB, a series of Wefunder SPV, LLC",Limited Liability Company,,DE,06-FEB-2025,1887 Whitney Mesa Dr,NUM 8885,Henderson,NV,89014,https://wefunder.com/
0001670254-25-000538,1,,,"Waters edge wineries I, a series of Wefunder SPV, LLC",Limited Liability Company,,DE,06-FEB-2025,1887 Whitney Mesa Dr,NUM 8885,Henderson,NV,89014,https://wefunder.com/
0001670254-25-000537,2,,,"BackerKit I EB, a series of Wefunder SPV, LLC",Limited Liability Company,,DE,25-APR-2025,1887 Whitney Mesa Dr,NUM 8885,Henderson,NV,89014,https://wefunder.com/
0001670254-25-000537,1,,,"BackerKit I, a series of Wefunder SPV, LLC",Limited Liability Company,,DE,25-APR-2025,1887 Whitney Mesa Dr,NUM 8885,Henderson,NV,89014,https://wefunder.com/
0001062993-25-008270,1,,,"Aura Health CF Investors SPV, LLC",Limited Liability Company,,DE,23-JAN-2023,1 Ferry Building,Suite 201,San Francisco,CA,94111,
0001062993-25-008260,1,,,"Aura Health CF Investors SPV, LLC",Limited Liability Company,,DE,23-JAN-2023,1 Ferry Building,Suite 201,San Francisco,CA,94111,
0002043486-25-000002,1,,,"EvCSC Innovations SPV, LLC ",Limited Liability Company,,DE,01-NOV-2024,16192 Coastal Highway ,,Lewes,DE,19958,https://chargiquity.com/
0001213900-25-037867,1,,,"New River Solar CF SPV I, LLC",Limited Liability Company,,FL,01-MAR-2023,301 N. Lake Avenue,Suite 950,Pasadena,CA,91101,https://solariant.com/
0001670254-25-000529,1,,,"Fade to Black III, a series of Wefunder SPV, LLC",Limited Liability Company,,DE,05-DEC-2024,1887 Whitney Mesa Dr,NUM 8885,Henderson,NV,89014,https://wefunder.com/
0001670254-25-000536,1,,,"Sera swimwear I, a series of Wefunder SPV, LLC",Limited Liability Company,,DE,06-MAR-2025,1887 Whitney Mesa Dr,NUM 8885,Henderson,NV,89014,https://wefunder.com/
0001213900-25-037877,1,,,"Two Rivers Solar CF SPV I, LLC",Limited Liability Company,,GA,29-FEB-2024,301 N. Lake Avenue,Suite 950,Pasadena,CA,91101,https://solariant.com/case-studies
0001670254-25-000528,1,,,"The Block Distilling Co I, a series of Wefunder SPV, LLC",Limited Liability Company,,DE,30-APR-2025,1887 Whitney Mesa Dr,NUM 8885,Henderson,NV,89014,https://wefunder.com/
0001670254-25-000536,2,,,"Sera swimwear I EB, a series of Wefunder SPV, LLC",Limited Liability Company,,DE,06-MAR-2025,1887 Whitney Mesa Dr,NUM 8885,Henderson,NV,89014,https://wefunder.com/
0001821982-25-000007,1,,,Windjammer Sailing 2025 SPV LLC ,Limited Liability Company,,SC,09-JAN-2025,901 NE 10th Court ,,Miami,FL,33136,
0001670254-25-000534,1,,,"Island company rum inc. I, a series of Wefunder SPV, LLC",Limited Liability Company,,DE,18-APR-2025,1887 Whitney Mesa Dr,NUM 8885,Henderson,NV,89014,https://wefunder.com/
0001670254-25-000534,2,,,"Island company rum inc. I EB, a series of Wefunder SPV, LLC",Limited Liability Company,,DE,18-APR-2025,1887 Whitney Mesa Dr,NUM 8885,Henderson,NV,89014,https://wefunder.com/
0001213900-25-037861,1,,,"Two Rivers Solar CF SPV I, LLC",Limited Liability Company,,GA,29-FEB-2024,301 N. Lake Avenue,Suite 950,Pasadena,CA,91101,https://solariant.com/case-studies
0001683168-25-003009,1,,,Gin & Luck CF SPV LLC,Limited Liability Company,,DE,11-DEC-2023,"3756 W. Avenue 40,",Suite K #278,Los Angeles,CA,90065,
0002051960-25-000002,1,,,Soundself I a series of Wefunder SPV LLC ,Limited Liability Company,,DE,20-FEB-2025,4104 24th St,PMB 8113,San Francisco,CA,94114,https://wefunder.com/
0001670254-25-000527,2,,,"LiftWave I EB, a series of Wefunder SPV, LLC",Limited Liability Company,,DE,15-JAN-2025,1887 Whitney Mesa Dr,NUM 8885,Henderson,NV,89014,https://wefunder.com/
0001670254-25-000527,1,,,"LiftWave I, a series of Wefunder SPV, LLC",Limited Liability Company,,DE,15-JAN-2025,1887 Whitney Mesa Dr,NUM 8885,Henderson,NV,89014,https://wefunder.com/
0001644600-25-000033,1,,,"Heroic CF SPV, LLC",Limited Liability Company,,DE,21-APR-2023,5900 BALCONES DRIVE ,SUITE 13912 ,Austin,TX,78731,https://heroic.us
0001670254-25-000523,2,,,"Immersed III EB, a series of Wefunder SPV, LLC",Limited Liability Company,,DE,20-JAN-2025,1887 Whitney Mesa Dr,NUM 8885,Henderson,NV,89014,https://wefunder.com/
0001670254-25-000523,1,,,"Immersed III, a series of Wefunder SPV, LLC",Limited Liability Company,,DE,20-JAN-2025,1887 Whitney Mesa Dr,NUM 8885,Henderson,NV,89014,https://wefunder.com/
0001670254-25-000519,1,,,"DYLN I, a series of Wefunder SPV, LLC",Limited Liability Company,,DE,20-DEC-2024,1887 Whitney Mesa Dr,NUM 8885,Henderson,NV,89014,https://wefunder.com/
0001670254-25-000519,2,,,"DYLN I EB, a series of Wefunder SPV, LLC",Limited Liability Company,,DE,20-DEC-2024,1887 Whitney Mesa Dr,NUM 8885,Henderson,NV,89014,https://wefunder.com/
0001670254-25-000518,1,,,"Avawatz III, a series of Wefunder SPV, LLC",Limited Liability Company,,DE,15-NOV-2024,1887 Whitney Mesa Dr,NUM 8885,Henderson,NV,89014,https://wefunder.com/
0001670254-25-000518,2,,,"Avawatz III EB, a series of Wefunder SPV, LLC",Limited Liability Company,,DE,15-NOV-2024,1887 Whitney Mesa Dr,NUM 8885,Henderson,NV,89014,https://wefunder.com/
0002019120-25-000001,1,EdgarFiler,0002022235,"Neurosom SPV, LLC",Limited Liability Company,,DE,29-APR-2024,1776 MILLRACE DR.,,EUGENE,OR,97403,
0001670254-25-000517,1,,,"Wild tonic I, a series of Wefunder SPV, LLC",Limited Liability Company,,DE,01-NOV-2024,1887 Whitney Mesa Dr,NUM 8885,Henderson,NV,89014,https://wefunder.com/
0001670254-25-000517,2,,,"Wild tonic I EB, a series of Wefunder SPV, LLC",Limited Liability Company,,DE,01-NOV-2024,1887 Whitney Mesa Dr,NUM 8885,Henderson,NV,89014,https://wefunder.com/
0001670254-25-000515,2,,,"SynergyMed Devices I EB, a series of Wefunder SPV, LLC",Limited Liability Company,,DE,01-NOV-2024,1887 Whitney Mesa Dr,NUM 8885,Henderson,NV,89014,https://wefunder.com/
0001670254-25-000515,1,,,"SynergyMed Devices I, a series of Wefunder SPV, LLC",Limited Liability Company,,DE,01-NOV-2024,1887 Whitney Mesa Dr,NUM 8885,Henderson,NV,89014,https://wefunder.com/
0001670254-25-000514,1,,,"Havn I, a series of Wefunder SPV, LLC",Limited Liability Company,,DE,05-NOV-2024,1887 Whitney Mesa Dr,NUM 8885,Henderson,NV,89014,https://wefunder.com/
0001670254-25-000514,2,,,"Havn I EB, a series of Wefunder SPV, LLC",Limited Liability Company,,DE,05-NOV-2024,1887 Whitney Mesa Dr,NUM 8885,Henderson,NV,89014,https://wefunder.com/
0001670254-25-000513,1,,,"Soundself I, a series of Wefunder SPV, LLC",Limited Liability Company,,DE,19-FEB-2025,1887 Whitney Mesa Dr,NUM 8885,Henderson,NV,89014,https://wefunder.com/
0001670254-25-000513,2,,,"Soundself I EB, a series of Wefunder SPV, LLC",Limited Liability Company,,DE,19-FEB-2025,1887 Whitney Mesa Dr,NUM 8885,Henderson,NV,89014,https://wefunder.com/
0001760404-25-000004,1,,,"Greenfield Robotics Crowdfunding Vehicle, LLC",Limited Liability Company,,DE,22-AUG-2024,36706 WEST 39TH STREET SOUTH,,CHENEY,KS,67025,https://www.greenfieldincorporated.com/
0001670254-25-000511,1,,,"Rich nuts I, a series of Wefunder SPV, LLC",Limited Liability Company,,DE,26-FEB-2025,1887 Whitney Mesa Dr,NUM 8885,Henderson,NV,89014,https://wefunder.com/
0001670254-25-000511,2,,,"Rich nuts I EB, a series of Wefunder SPV, LLC",Limited Liability Company,,DE,26-FEB-2025,1887 Whitney Mesa Dr,NUM 8885,Henderson,NV,89014,https://wefunder.com/
0001922137-25-000002,1,,,"SunTrain CF, LLC",Limited Liability Company,,DE,25-OCT-2024,1540 Market Street,,San Francisco,CA,94102,www.suntrain.co
0001062993-25-008238,1,,,Musaffa CFV LLC,Limited Liability Company,,WY,13-NOV-2023,One World Trade Center,285 Fulton St,New York,NY,10007,
0001062993-25-008233,1,,,Musaffa CFV LLC,Limited Liability Company,,WY,13-NOV-2023,One World Trade Center,285 Fulton St,New York,NY,10007,
0001062993-25-008228,1,,,"Live Stream Technology Services CF Investors SPV I, LLC",Limited Liability Company,,DE,04-OCT-2024,701 Brickell Avenue,Suite 1550,Miami,FL,33131,
0001641172-25-006742,1,,,"Skybound Holdings CF Investors SPV, LLC",Limited Liability Company,,DE,15-JAN-2025,9570 West Pico Boulevard,,Los Angeles,CA,90035,
0001670254-25-000501,1,,,"VictoryBase I, a series of Wefunder SPV, LLC",Limited Liability Company,,DE,10-JUL-2023,1887 Whitney Mesa Dr,NUM 8885,Henderson,NV,89014,https://wefunder.com/
0001670254-25-000496,1,,,"Overplay II, a series of Wefunder SPV, LLC",Limited Liability Company,,DE,08-MAR-2024,1887 Whitney Mesa Dr,NUM 8885,Henderson,NV,89014,https://wefunder.com/
0001670254-25-000491,1,,,"Grape ID I, a series of Wefunder SPV, LLC",Limited Liability Company,,DE,26-JUN-2024,1887 Whitney Mesa Dr,NUM 8885,Henderson,NV,89014,https://wefunder.com/
0001670254-25-000492,2,,,"Plunge I EB, a series of Wefunder SPV, LLC",Limited Liability Company,,DE,29-APR-2025,1887 Whitney Mesa Dr,NUM 8885,Henderson,NV,89014,https://wefunder.com/
0001670254-25-000496,2,,,"Overplay II EB, a series of Wefunder SPV, LLC",Limited Liability Company,,DE,08-MAR-2024,1887 Whitney Mesa Dr,NUM 8885,Henderson,NV,89014,https://wefunder.com/
0001670254-25-000504,1,,,"Pro football soccer enterprise  II, a series of Wefunder SPV, LLC",Limited Liability Company,,DE,12-APR-2024,4104 24TH ST,PMB 8113,San Francisco,CA,94114,https://wefunder.com/pro.soccer..football.company
0001670254-25-000504,2,,,"Pro football soccer enterprise  II EB, a series of Wefunder SPV, LLC",Limited Liability Company,,DE,12-APR-2024,4104 24TH ST,PMB 8113,San Francisco,CA,94114,https://wefunder.com/
0001670254-25-000497,1,,,"Gemist I, a series of Wefunder SPV, LLC",Limited Liability Company,,DE,29-APR-2025,1887 Whitney Mesa Dr,NUM 8885,Henderson,NV,89014,https://wefunder.com/
0001670254-25-000492,1,,,"Plunge I, a series of Wefunder SPV, LLC",Limited Liability Company,,DE,29-APR-2025,1887 Whitney Mesa Dr,NUM 8885,Henderson,NV,89014,https://wefunder.com/
0001670254-25-000489,2,,,"Olympian Motors II EB, a series of Wefunder SPV, LLC",Limited Liability Company,,DE,10-SEP-2024,1887 Whitney Mesa Dr,NUM 8885,Henderson,NV,89014,https://wefunder.com/
0001670254-25-000489,1,,,"Olympian Motors II, a series of Wefunder SPV, LLC",Limited Liability Company,,DE,10-SEP-2024,1887 Whitney Mesa Dr,NUM 8885,Henderson,NV,89014,https://wefunder.com/
0001670254-25-000488,1,,,"Mazzy I, a series of Wefunder SPV, LLC",Limited Liability Company,,DE,14-AUG-2024,1887 Whitney Mesa Dr,NUM 8885,Henderson,NV,89014,https://wefunder.com/
0001670254-25-000488,2,,,"Mazzy I EB, a series of Wefunder SPV, LLC",Limited Liability Company,,DE,14-AUG-2024,1887 Whitney Mesa Dr,NUM 8885,Henderson,NV,89014,https://wefunder.com/
0001670254-25-000482,2,,,"Handprint I EB, a series of Wefunder SPV, LLC",Limited Liability Company,,DE,18-MAR-2024,4104 24TH ST,PMB 8113,San Francisco,CA,94114,https://wefunder.com/
0001670254-25-000482,1,,,"Handprint I, a series of Wefunder SPV, LLC",Limited Liability Company,,DE,18-MAR-2024,4104 24TH ST,PMB 8113,San Francisco,CA,94114,https://wefunder.com/
0001670254-25-000481,2,,,"Felt and Fat I EB, a series of Wefunder SPV, LLC",Limited Liability Company,,DE,29-JAN-2025,4104 24TH ST,PMB 8113,San Francisco,CA,94114,https://wefunder.com/
0001670254-25-000481,1,,,"Felt and Fat I, a series of Wefunder SPV, LLC",Limited Liability Company,,DE,29-JAN-2025,4104 24TH ST,PMB 8113,San Francisco,CA,94114,https://wefunder.com/
0001670254-25-000479,1,,,"Clockwork I, a series of Wefunder SPV, LLC",Limited Liability Company,,DE,20-SEP-2023,1887 WHITNEY MESA DR,NUM 8885,HENDERSON,NV,89014,https://wefunder.com/
0001670254-25-000479,2,,,"Clockwork I EB, a series of Wefunder SPV, LLC",Limited Liability Company,,DE,20-SEP-2023,1887 WHITNEY MESA DR,NUM 8885,HENDERSON,NV,89014,https://wefunder.com/
0001939505-25-000002,1,,,"Foodi Menus I, a series of Wefunder SPV, LLC ",Limited Liability Company,,DE,28-JUL-2022,4104 24TH ST ,,San Francisco,CA,94114,https://wefunder.com
0001062993-25-008158,1,,,"TA Fintech CF Investors SPV I, LLC",Limited Liability Company,,DE,06-SEP-2024,"401 Park Avenue S., Floor 10",,New York,NY,10016,
0001939505-25-000001,1,,,"Foodi Menus I, a series of Wefunder SPV, LLC",Limited Liability Company,,OR,09-FEB-2021,11542 NW Kearney St.,,Portland,OR,97034,foodi-menus.com
0001670254-25-000474,1,,,"Osnovum I, a series of Wefunder SPV, LLC",Limited Liability Company,,DE,04-JUN-2024,4104 24TH ST,PMB 8113,San Francisco,CA,94114,https://wefunder.com/
0001979102-25-000002,1,,,"FirmTech I, a series of Wefunder SPV, LLC  ",Limited Liability Company,,DE,21-JUN-2023,"4104 24th St, PMB 8113",,San Francisco,CA,94114 ,
0001991258-25-000003,1,,,"Qayinara CF SPV, LLC",Limited Liability Company,,DE,24-AUG-2023,1227 Kilham Court,,Columbus,OH,43235,gabrielandtheguardians.com
0001062993-25-008146,1,,,"GenAI Works CF Investors SPV, LLC",Limited Liability Company,,DE,08-JUL-2024,838 Walker Road,Suite 21-2,Dover,DE,19904,
0001670254-25-000472,2,,,"Netsave II EB, a series of Wefunder SPV, LLC",Limited Liability Company,,DE,30-JUL-2024,4104 24TH ST,PMB 8113,San Francisco,CA,94114,https://wefunder.com/
0001670254-25-000472,1,,,"Netsave II, a series of Wefunder SPV, LLC",Limited Liability Company,,DE,30-JUL-2024,4104 24TH ST,PMB 8113,San Francisco,CA,94114,https://wefunder.com/
0001670254-25-000463,1,,,"Oxydus I, a series of Wefunder SPV, LLC",Limited Liability Company,,DE,06-NOV-2023,4104 24TH ST,PMB 8113,San Francisco,CA,94114,https://wefunder.com/
0001670254-25-000467,1,,,"NameCoach I, a series of Wefunder SPV, LLC",Limited Liability Company,,DE,02-APR-2025,4104 24TH ST,PMB 8113,San Francisco,CA,94114,https://wefunder.com/
0001670254-25-000467,2,,,"NameCoach I EB, a series of Wefunder SPV, LLC",Limited Liability Company,,DE,02-APR-2025,4104 24TH ST,PMB 8113,San Francisco,CA,94114,https://wefunder.com/
0001670254-25-000463,2,,,"Oxydus I EB, a series of Wefunder SPV, LLC",Limited Liability Company,,DE,06-NOV-2023,4104 24TH ST,PMB 8113,San Francisco,CA,94114,https://wefunder.com/
0001670254-25-000469,1,,,"Tabor United I, a series of Wefunder SPV, LLC",Limited Liability Company,,DE,22-AUG-2024,4104 24TH ST,PMB 8113,San Francisco,CA,94114,https://wefunder.com/
0001510171-25-000003,1,,,"Trevi Investors, LLC",Limited Liability Company,,DE,23-APR-2024,"1500 Valley House Drive, Suite 130",,Rohnert Park,CA,94928,
0001670254-25-000454,1,,,"Emission Free Generators II, a series of Wefunder SPV, LLC",Limited Liability Company,,DE,16-MAY-2024,4104 24TH ST,PMB 8113,San Francisco,CA,94114,https://wefunder.com/
0001670254-25-000454,2,,,"Emission Free Generators II EB, a series of Wefunder SPV, LLC",Limited Liability Company,,DE,16-MAY-2024,4104 24TH ST,PMB 8113,San Francisco,CA,94114,https://wefunder.com/
0001670254-25-000450,1,,,"Zero Cheating IV, a series of Wefunder SPV, LLC",Limited Liability Company,,DE,17-DEC-2024,4104 24TH ST,PMB 8113,San Francisco,CA,94114,https://wefunder.com/
0001670254-25-000450,2,,,"Zero Cheating IV EB, a series of Wefunder SPV, LLC",Limited Liability Company,,DE,17-DEC-2024,4104 24TH ST,PMB 8113,San Francisco,CA,94114,https://wefunder.com/
0001670254-25-000449,2,,,"LeaderJam I EB, a series of Wefunder SPV, LLC",Limited Liability Company,,DE,22-JAN-2025,4104 24TH ST,PMB 8113,San Francisco,CA,94114,https://wefunder.com/
0001670254-25-000449,1,,,"LeaderJam I, a series of Wefunder SPV, LLC",Limited Liability Company,,DE,22-JAN-2025,4104 24TH ST,PMB 8113,San Francisco,CA,94114,https://wefunder.com/
0001959002-25-000002,1,,,Qnetic II a series of Wefunder SPV LLC,Limited Liability Company,,DE,10-NOV-2024,4104 24TH ST,PMB 8113,San Francisco,CA,94114,https://wefunder.com/
0001903644-25-000001,1,,,"Infinity Fuel Cell and Hydrogen CP SPV, LLC",Limited Liability Company,,DE,06-SEP-2023,431A Hayden Station Road,,Windsor,CT,06095,www.infinityfuel.com
0002012683-25-000005,1,,,"SeaRasa CF SPV, LLC",Limited Liability Company,,DE,17-JAN-2024,"2500 CHESTNUT ST, #2",,SAN FRANCISCO,CA,94123,
0001670254-25-000445,2,,,"okom wrks labs, PBC I EB, a series of Wefunder SPV, LLC",Limited Liability Company,,DE,02-DEC-2024,4104 24TH ST,PMB 8113,San Francisco,CA,94114,https://wefunder.com/
0001670254-25-000442,1,,,"Heal rapidly I, a series of Wefunder SPV, LLC",Limited Liability Company,,DE,21-FEB-2025,4104 24TH ST,PMB 8113,San Francisco,CA,94114,https://wefunder.com/
0001670254-25-000442,2,,,"Heal rapidly I EB, a series of Wefunder SPV, LLC",Limited Liability Company,,DE,21-FEB-2025,4104 24TH ST,PMB 8113,San Francisco,CA,94114,https://wefunder.com/
0001670254-25-000445,1,,,"okom wrks labs, PBC I, a series of Wefunder SPV, LLC",Limited Liability Company,,DE,02-DEC-2024,4104 24TH ST,PMB 8113,San Francisco,CA,94114,https://wefunder.com/
0001670254-25-000441,2,,,"Heal rapidly I EB, a series of Wefunder SPV, LLC",Limited Liability Company,,DE,21-FEB-2025,4104 24TH ST,PMB 8113,San Francisco,CA,94114,https://wefunder.com/
0001670254-25-000444,1,,,"SHARE I, a series of Wefunder SPV, LLC",Limited Liability Company,,DE,27-FEB-2025,4104 24TH ST,PMB 8113,San Francisco,CA,94114,https://wefunder.com/
0001670254-25-000441,1,,,"Heal rapidly I, a series of Wefunder SPV, LLC",Limited Liability Company,,DE,21-FEB-2025,4104 24TH ST,PMB 8113,San Francisco,CA,94114,https://wefunder.com/
0001777982-25-000003,1,,,"Jogoheath SPV, LLC ",Limited Liability Company,,DE,05-MAR-2025,16192 Coastal Highway ,,Lewes,DE,19958,https://www.jogohealth.com/
0001062993-25-007991,1,,,Lia 27 SPV LLC,Limited Liability Company,,DE,16-NOV-2024,18670 COASTAL HIGHWAY,SUITE #1078,REHOBOTH BEACH,DE,19971,
0001670254-25-000431,1,,,"VITALIZE Angels Teal I, a series of Wefunder SPV, LLC",Limited Liability Company,,DE,07-APR-2025,4104 24TH ST,PMB 8113,San Francisco,CA,94114,https://wefunder.com/
0001670254-25-000431,2,,,"VITALIZE Angels Teal I EB, a series of Wefunder SPV, LLC",Limited Liability Company,,DE,07-APR-2025,4104 24TH ST,PMB 8113,San Francisco,CA,94114,https://wefunder.com/
0001670254-25-000429,1,,,"BackerKit I, a series of Wefunder SPV, LLC",Limited Liability Company,,DE,25-APR-2025,4104 24TH ST,PMB 8113,San Francisco,CA,94114,https://wefunder.com/
0001670254-25-000429,2,,,"BackerKit I EB, a series of Wefunder SPV, LLC",Limited Liability Company,,DE,25-APR-2025,4104 24TH ST,PMB 8113,San Francisco,CA,94114,https://wefunder.com/
0001973591-25-000007,1,,,"Invvax I, a series of Wefunder SPV, LLC ",Limited Liability Company,,DE,19-JUL-2023,4104 24th St,PMB 8113,San Francisco,CA,94114,https://wefunder.com/
0001691595-25-000002,1,,,"Neighborhood Sun II, a series of Wefunder SPV, LLC ",Limited Liability Company,,DE,05-SEP-2024,4104 24TH ST,PMB 8113,San Francisco,CA,94114,https://wefunder.com/
0001670254-25-000422,1,,,"Allsides III, a series of Wefunder SPV, LLC",Limited Liability Company,,DE,21-AUG-2024,4104 24TH ST,PMB 8113,San Francisco,CA,94114,https://wefunder.com/
0001670254-25-000422,2,,,"Allsides III EB, a series of Wefunder SPV, LLC",Limited Liability Company,,DE,21-AUG-2024,4104 24TH ST,PMB 8113,San Francisco,CA,94114,https://wefunder.com/
0001670254-25-000418,1,,,"Eliaz Therapeutics I, a series of Wefunder SPV, LLC",Limited Liability Company,,DE,06-NOV-2024,4104 24TH ST,PMB 8113,San Francisco,CA,94114,https://wefunder.com/
0001670254-25-000419,1,,,"Ocdfeat I, a series of Wefunder SPV, LLC",Limited Liability Company,,DE,24-APR-2025,4104 24TH ST,PMB 8113,San Francisco,CA,94114,https://wefunder.com/
0001670254-25-000418,2,,,"Eliaz Therapeutics I EB, a series of Wefunder SPV, LLC",Limited Liability Company,,DE,06-NOV-2024,4104 24TH ST,PMB 8113,San Francisco,CA,94114,https://wefunder.com/
0001670254-25-000417,2,,,"Loosid III EB, a series of Wefunder SPV, LLC",Limited Liability Company,,DE,17-SEP-2024,4104 24TH ST,PMB 8113,San Francisco,CA,94114,https://wefunder.com/
0001670254-25-000417,1,,,"Loosid III, a series of Wefunder SPV, LLC",Limited Liability Company,,DE,17-SEP-2024,4104 24TH ST,PMB 8113,San Francisco,CA,94114,https://wefunder.com/
0001670254-25-000416,2,,,"Turant II EB, a series of Wefunder SPV, LLC",Limited Liability Company,,DE,08-MAR-2024,4104 24TH ST,PMB 8113,San Francisco,CA,94114,https://wefunder.com/
0001670254-25-000416,1,,,"Turant II, a series of Wefunder SPV, LLC",Limited Liability Company,,DE,08-MAR-2024,4104 24TH ST,PMB 8113,San Francisco,CA,94114,https://wefunder.com/
0001670254-25-000412,2,,,"Pranos.ai I EB, a series of Wefunder SPV, LLC",Limited Liability Company,,DE,06-AUG-2021,4104 24TH ST,PMB 8113,San Francisco,CA,94114,https://wefunder.com/
0001670254-25-000412,1,,,"Pranos.ai I, a series of Wefunder SPV, LLC",Limited Liability Company,,DE,06-AUG-2021,4104 24TH ST,PMB 8113,San Francisco,CA,94114,https://wefunder.com/
0001670254-25-000408,1,,,"Phormed I, a series of Wefunder SPV, LLC",Limited Liability Company,,DE,14-DEC-2023,4104 24TH ST,PMB 8113,San Francisco,CA,94114,https://wefunder.com/
0001670254-25-000408,2,,,"Phormed I EB, a series of Wefunder SPV, LLC",Limited Liability Company,,DE,14-DEC-2023,4104 24TH ST,PMB 8113,San Francisco,CA,94114,https://wefunder.com/
0001670254-25-000406,1,,,"Dopple I, a series of Wefunder SPV, LLC",Limited Liability Company,,DE,23-APR-2025,4104 24TH ST,PMB 8113,San Francisco,CA,94114,https://wefunder.com/
0001670254-25-000406,2,,,"Dopple I EB, a series of Wefunder SPV, LLC",Limited Liability Company,,DE,23-APR-2025,4104 24TH ST,PMB 8113,San Francisco,CA,94114,https://wefunder.com/
0001973591-25-000003,1,,,"Invvax I, a series of Wefunder SPV, LLC ",Limited Liability Company,,DE,19-JUL-2023,4104 24th St,PMB 8113,SAn Francisco,CA,94114,https://wefunder.com
0001670254-25-000397,2,,,"Cadence I EB, a series of Wefunder SPV, LLC",Limited Liability Company,,DE,22-APR-2025,4104 24TH ST,PMB 8113,San Francisco,CA,94114,https://wefunder.com/
0001670254-25-000397,1,,,"Cadence I, a series of Wefunder SPV, LLC",Limited Liability Company,,DE,22-APR-2025,4104 24TH ST,PMB 8113,San Francisco,CA,94114,https://wefunder.com/
0002012683-25-000002,1,,,"SeaRasa CF SPV, LLC",Limited Liability Company,,DE,17-JAN-2024,"2500 Chestnut St, #2",,SAN FRANCISCO,CA,94123,
0001670254-25-000393,1,,,"Lode I, a series of Wefunder SPV, LLC",Limited Liability Company,,DE,21-APR-2025,4104 24TH ST,PMB 8113,San Francisco,CA,94114,https://wefunder.com/
0001670254-25-000393,2,,,"Lode I EB, a series of Wefunder SPV, LLC",Limited Liability Company,,DE,21-APR-2025,4104 24TH ST,PMB 8113,San Francisco,CA,94114,https://wefunder.com/
0002046827-25-000006,1,,,"Smart Nora Investors, LLC",Limited Liability Company,,DE,05-SEP-2024,"166 Geary St., Suite 1500 #1764",,San Francisco,CA,94108,
0001670254-25-000392,2,,,"Pivotal Health I EB, a series of Wefunder SPV, LLC",Limited Liability Company,,DE,12-JUL-2024,4104 24TH ST,PMB 8113,San Francisco,CA,94114,https://wefunder.com/
0001670254-25-000392,1,,,"Pivotal Health I, a series of Wefunder SPV, LLC",Limited Liability Company,,DE,12-JUL-2024,4104 24TH ST,PMB 8113,San Francisco,CA,94114,https://wefunder.com/
0001670254-25-000390,1,,,"Island company rum inc. I, a series of Wefunder SPV, LLC",Limited Liability Company,,DE,18-APR-2025,4104 24TH ST,PMB 8113,San Francisco,CA,94114,https://wefunder.com/
0001670254-25-000390,2,,,"Island company rum inc. I EB, a series of Wefunder SPV, LLC",Limited Liability Company,,DE,18-APR-2025,4104 24TH ST,PMB 8113,San Francisco,CA,94114,https://wefunder.com/
0001670254-25-000379,2,,,"Neopenda I EB, a series of Wefunder SPV, LLC",Limited Liability Company,,DE,17-APR-2025,4104 24TH ST,PMB 8113,San Francisco,CA,94114,https://wefunder.com/
0001670254-25-000382,1,,,"Turchetti's salumeria I, a series of Wefunder SPV, LLC",Limited Liability Company,,DE,17-APR-2025,4104 24TH ST,PMB 8113,San Francisco,CA,94114,https://wefunder.com/
0001670254-25-000379,1,,,"Neopenda I, a series of Wefunder SPV, LLC",Limited Liability Company,,DE,17-APR-2025,4104 24TH ST,PMB 8113,San Francisco,CA,94114,https://wefunder.com/
0001670254-25-000375,1,,,"Heather's Choice I, a series of Wefunder SPV, LLC",Limited Liability Company,,DE,18-JUL-2024,4104 24TH ST,PMB 8113,San Francisco,CA,94114,https://wefunder.com/
0001670254-25-000375,2,,,"Heather's Choice I EB, a series of Wefunder SPV, LLC",Limited Liability Company,,DE,18-JUL-2024,4104 24TH ST,PMB 8113,San Francisco,CA,94114,https://wefunder.com/
0001062993-25-007622,1,,,"Cizzle Bio CF Investors SPV, LLC",Limited Liability Company,,DE,01-OCT-2024,2040 Babcock Road,Suite 201,San Antonio,TX,78229,
0001870611-25-000004,1,,,Pirouette Medical I a series of Wefunder SPV LLC ,Limited Liability Company,,DE,22-DEC-2023,4104 24TH ST,,San Francisco,CA,94114,https://wefunder.com/
0001996759-25-000006,1,EdgarFiler,0001999258,ScienceCast SPV LLC,Limited Liability Company,,DE,18-OCT-2023,16 WILLOW AVENUE,,TOWSON,MD,21286,https://sciencecast.org/
0001996759-25-000004,1,,,ScienceCast SPV LLC,Limited Liability Company,,DE,18-OCT-2023,16 Willow Avenue,,Towson,MD,21286,https://sciencecast.org/
0001062993-25-007617,1,,,"Cizzle Bio CF Investors SPV, LLC",Limited Liability Company,,DE,01-OCT-2024,2040 Babcock Road,Suite 201,San Antonio,TX,78229,
0001670254-25-000373,1,,,"Health Care Originals I, a series of Wefunder SPV, LLC",Limited Liability Company,,DE,31-OCT-2024,4104 24TH ST,PMB 8113,San Francisco,CA,94114,https://wefunder.com/
0001670254-25-000373,2,,,"Health Care Originals I EB, a series of Wefunder SPV, LLC",Limited Liability Company,,DE,31-OCT-2024,4104 24TH ST,PMB 8113,San Francisco,CA,94114,https://wefunder.com/
0001096906-25-000530,1,,,"Vittori CF Investors SPV I, LLC",Limited Liability Company,,DE,03-SEP-2024,2100 Geng Road,Suite 210,Palo Alto,CA,94303,
0001670254-25-000366,1,,,"Immersed III, a series of Wefunder SPV, LLC",Limited Liability Company,,DE,20-JAN-2025,4104 24TH ST,PMB 8113,San Francisco,CA,94114,https://wefunder.com/
0001670254-25-000366,2,,,"Immersed III EB, a series of Wefunder SPV, LLC",Limited Liability Company,,DE,20-JAN-2025,4104 24TH ST,PMB 8113,San Francisco,CA,94114,https://wefunder.com/
0002019885-25-000002,1,,,Monarch Village I a series of Wefunder SPV LLC ,Limited Liability Company,,DE,25-APR-2024,4104 24TH ST,PMB 8113,San Francisco,CA,94114,https://wefunder.com/
0001670254-25-000365,1,,,"Immersed III, a series of Wefunder SPV, LLC",Limited Liability Company,,DE,20-JAN-2025,4104 24TH ST,PMB 8113,San Francisco,CA,94114,https://wefunder.com/
0001670254-25-000365,2,,,"Immersed III EB, a series of Wefunder SPV, LLC",Limited Liability Company,,DE,20-JAN-2025,4104 24TH ST,PMB 8113,San Francisco,CA,94114,https://wefunder.com/
0001920292-25-000002,1,,,Swell Watercraft LLC I a series of Wefunder SPV LLC ,Limited Liability Company,,AL,04-JAN-2022,"4104 24TH ST, PMB 8113",,San Francisco,CA,94114,wefunder.com
0001920292-25-000001,1,,,Swell Watercraft LLC I a series of Wefunder SPV LLC,Limited Liability Company,,AL,04-JAN-2022,"4104 24TH ST , PMB 8113",,San Francisco,CA,94114,https://wefunder.com/
0001670254-25-000363,1,,,"Imago Rehab I, a series of Wefunder SPV, LLC",Limited Liability Company,,DE,20-SEP-2024,4104 24TH ST,PMB 8113,San Francisco,CA,94114,https://wefunder.com/
0001670254-25-000364,2,,,"Sunny III EB, a series of Wefunder SPV, LLC",Limited Liability Company,,DE,02-JUL-2024,4104 24TH ST,PMB 8113,San Francisco,CA,94114,https://wefunder.com/
0001670254-25-000364,1,,,"Sunny III, a series of Wefunder SPV, LLC",Limited Liability Company,,DE,02-JUL-2024,4104 24TH ST,PMB 8113,San Francisco,CA,94114,https://wefunder.com/
0001062993-25-007441,1,,,"Westbound & Down Brewing CF Investors SPV, LLC",Limited Liability Company,,DE,24-JAN-2025,"2755 Dagny Way, Unit 101",,Lafayette,CO,80026,
0001760404-25-000003,1,,,"Greenfield Robotics Crowdfunding Vehicle, LLC",Limited Liability Company,,DE,22-AUG-2024,36706 WEST 39th STREET SOUTH,,Cheney,KS,67025,https://www.greenfieldincorporated.com/
0001793646-25-000005,1,,,Nuudii System III a series of Wefunder SPV LLC ,Limited Liability Company,,DE,20-MAR-2024,4104 24th St,PMB 8113,San Francisco,CA,94114,https://wefunder.com/
0001670254-25-000356,2,,,"VBI I EB, a series of Wefunder SPV, LLC",Limited Liability Company,,DE,10-APR-2025,4104 24TH ST,PMB 8113,San Francisco,CA,94114,https://wefunder.com/
0001670254-25-000356,1,,,"VBI I, a series of Wefunder SPV, LLC",Limited Liability Company,,DE,10-APR-2025,4104 24TH ST,PMB 8113,San Francisco,CA,94114,https://wefunder.com/
0002027681-25-000003,1,,,Pivotal Health I a series of Wefunder SPV LLC ,Limited Liability Company,,DE,07-DEC-2024,4104 24TH ST,PMB 8113,San Francisco,CA,94114,https://wefunder.com/
0001670254-25-000350,1,,,"MPI Digital HR I, a series of Wefunder SPV, LLC",Limited Liability Company,,DE,15-JAN-2025,4104 24TH ST,PMB 8113,San Francisco,CA,94114,https://wefunder.com/
0001670254-25-000350,2,,,"MPI Digital HR I EB, a series of Wefunder SPV, LLC",Limited Liability Company,,DE,15-JAN-2025,4104 24TH ST,PMB 8113,San Francisco,CA,94114,https://wefunder.com/
0002001196-25-000002,1,,,Presend SPV LLC,Limited Liability Company,,DE,06-NOV-2023,651 N Broad St,Suite 201,Middletown,DE,19709,
0002001159-25-000002,1,,,Wolfer Finance SPV LLC,Limited Liability Company,,DE,06-NOV-2023,651 N Broad St Suite 201,,Middletown,DE,19709,
0001989095-25-000009,1,,,Elevate Money I a series of Wefunder SPV LLC ,Limited Liability Company,,DE,08-DEC-2023,4104 24TH ST,,San Francisco,CA,94114,https://wefunder.com/
0001989095-25-000007,1,,,Elevate Money I a series of Wefunder SPV LLC,Limited Liability Company,,DE,08-DEC-2023,4104 24TH ST,,San Francisco,CA,94114,https://wefunder.com/
0001670254-25-000347,1,,,"Keepon I, a series of Wefunder SPV, LLC",Limited Liability Company,,DE,09-APR-2025,4104 24TH ST,PMB 8113,San Francisco,CA,94114,https://wefunder.com/
0001670254-25-000346,1,,,"TruMeasure I, a series of Wefunder SPV, LLC",Limited Liability Company,,DE,09-APR-2025,4104 24TH ST,PMB 8113,San Francisco,CA,94114,https://wefunder.com/
0001670254-25-000347,2,,,"Keepon I EB, a series of Wefunder SPV, LLC",Limited Liability Company,,DE,09-APR-2025,4104 24TH ST,PMB 8113,San Francisco,CA,94114,https://wefunder.com/
0001670254-25-000341,2,,,"Deep End Fitness I EB, a series of Wefunder SPV, LLC",Limited Liability Company,,DE,11-SEP-2024,4104 24TH ST,PMB 8113,San Francisco,CA,94114,https://wefunder.com/
0001670254-25-000341,1,,,"Deep End Fitness I, a series of Wefunder SPV, LLC",Limited Liability Company,,DE,11-SEP-2024,4104 24TH ST,PMB 8113,San Francisco,CA,94114,https://wefunder.com/
0001670254-25-000329,1,,,"Gate 11 distillery I, a series of Wefunder SPV, LLC",Limited Liability Company,,DE,20-JAN-2025,4104 24TH ST,PMB 8113,San Francisco,CA,94114,https://wefunder.com/
0001670254-25-000329,2,,,"Gate 11 distillery I EB, a series of Wefunder SPV, LLC",Limited Liability Company,,DE,20-JAN-2025,4104 24TH ST,PMB 8113,San Francisco,CA,94114,https://wefunder.com/
0001670254-25-000327,1,,,"Gate 11 distillery I, a series of Wefunder SPV, LLC",Limited Liability Company,,DE,20-JAN-2025,4104 24TH ST,PMB 8113,San Francisco,CA,94114,https://wefunder.com/
0001670254-25-000327,2,,,"Gate 11 distillery I EB, a series of Wefunder SPV, LLC",Limited Liability Company,,DE,20-JAN-2025,4104 24TH ST,PMB 8113,San Francisco,CA,94114,https://wefunder.com/
0001670254-25-000326,2,,,"Nightwise llc I EB, a series of Wefunder SPV, LLC",Limited Liability Company,,DE,23-DEC-2024,4104 24TH ST,PMB 8113,San Francisco,CA,94114,https://wefunder.com/
0001670254-25-000326,1,,,"Nightwise llc I, a series of Wefunder SPV, LLC",Limited Liability Company,,DE,23-DEC-2024,4104 24TH ST,PMB 8113,San Francisco,CA,94114,https://wefunder.com/
0001670254-25-000318,1,,,"VITALIZE Angels Teal I, a series of Wefunder SPV, LLC",Limited Liability Company,,DE,07-APR-2025,4104 24TH ST,PMB 8113,San Francisco,CA,94114,https://wefunder.com/
0001670254-25-000318,2,,,"VITALIZE Angels Teal I EB, a series of Wefunder SPV, LLC",Limited Liability Company,,DE,07-APR-2025,4104 24TH ST,PMB 8113,San Francisco,CA,94114,https://wefunder.com/
0001670254-25-000316,1,,,"SportsVisio I, a series of Wefunder SPV, LLC",Limited Liability Company,,DE,07-APR-2025,4104 24TH ST,PMB 8113,San Francisco,CA,94114,https://wefunder.com/
0002009571-25-000007,1,,,Plainview Beef 2024 CF SPV LLC  ,Limited Liability Company,,DE,14-FEB-2024,  12501 S Florence ,,Jenks ,OK,74037,plainviewbeef.com
0001670254-25-000313,2,,,"Sircles III EB, a series of Wefunder SPV, LLC",Limited Liability Company,,DE,07-APR-2025,4104 24TH ST,PMB 8113,San Francisco,CA,94114,https://wefunder.com/
0001670254-25-000313,1,,,"Sircles III, a series of Wefunder SPV, LLC",Limited Liability Company,,DE,07-APR-2025,4104 24TH ST,PMB 8113,San Francisco,CA,94114,https://wefunder.com/
0002009571-25-000005,1,,,Plainview Beef 2024 CF SPV LLC ,Limited Liability Company,,DE,14-FEB-2024,12501 S Florence,,Jenks,OK,74037,plainviewbeef.com
0001951496-25-000001,1,,,"Babe Kombucha I, a series of Wefunder SPV, LLC",Limited Liability Company,,DE,16-DEC-2022,4104 24th St.,PMB 8113,San Francisco,CA,94114,https://wefunder.com/
0001062993-25-007129,1,,,"Westbound & Down Brewing CF Investors SPV, LLC",Limited Liability Company,,DE,24-JAN-2025,"2755 Dagny Way, Unit 101",,Lafayette,CO,80026,
0001670254-25-000301,1,,,"Arrived III, a series of Wefunder SPV, LLC",Limited Liability Company,,DE,03-APR-2025,4104 24TH ST,PMB 8113,San Francisco,CA,94114,https://wefunder.com/
0001670254-25-000300,2,,,"Avawatz III EB, a series of Wefunder SPV, LLC",Limited Liability Company,,DE,15-NOV-2024,4104 24TH ST,PMB 8113,San Francisco,CA,94114,https://wefunder.com/
0001670254-25-000300,1,,,"Avawatz III, a series of Wefunder SPV, LLC",Limited Liability Company,,DE,15-NOV-2024,4104 24TH ST,PMB 8113,San Francisco,CA,94114,https://wefunder.com/
0001670254-25-000297,2,,,"LifeBridge Innovations II EB, a series of Wefunder SPV, LLC",Limited Liability Company,,DE,01-APR-2025,4104 24TH ST,PMB 8113,San Francisco,CA,94114,https://wefunder.com/
0001670254-25-000297,1,,,"LifeBridge Innovations II, a series of Wefunder SPV, LLC",Limited Liability Company,,DE,01-APR-2025,4104 24TH ST,PMB 8113,San Francisco,CA,94114,https://wefunder.com/
0001901009-25-000013,1,,,"Pinwheel I EB, a series of Wefunder SPV, LLC",Limited Liability Company,,DE,25-AUG-2023,4104 24th St,PMB 8113,San Fransisco,CA,94114,https://wefunder.com
0002036841-25-000003,1,,,Cyasoon SPV LLC,Limited Liability Company,,DE,01-OCT-2024,16192 Coastal Highway,,Lewes,DE,19958,https://cyasoon.com/
0001670254-25-000287,1,,,"The King of Con I, a series of Wefunder SPV, LLC",Limited Liability Company,,DE,03-NOV-2022,4104 24TH ST,PMB 8113,San Francisco,CA,94114,https://wefunder.com/
0001670254-25-000285,2,,,"NameCoach I EB, a series of Wefunder SPV, LLC",Limited Liability Company,,DE,02-APR-2025,4104 24TH ST,PMB 8113,San Francisco,CA,94114,https://wefunder.com/
0001670254-25-000285,1,,,"NameCoach I, a series of Wefunder SPV, LLC",Limited Liability Company,,DE,02-APR-2025,4104 24TH ST,PMB 8113,San Francisco,CA,94114,https://wefunder.com/
0001670254-25-000276,1,,,"Morari II, a series of Wefunder SPV, LLC",Limited Liability Company,,DE,11-JUL-2024,4104 24TH ST,PMB 8113,San Francisco,CA,94114,https://wefunder.com/
0001670254-25-000272,1,,,"Jurny V, a series of Wefunder SPV, LLC",Limited Liability Company,,DE,01-APR-2025,4104 24TH ST,PMB 8113,San Francisco,CA,94114,https://wefunder.com/
0001670254-25-000274,1,,,"Siren Biotechnology I, a series of Wefunder SPV, LLC",Limited Liability Company,,DE,01-APR-2025,4104 24TH ST,PMB 8113,San Francisco,CA,94114,https://wefunder.com/
0001670254-25-000272,2,,,"Jurny V EB, a series of Wefunder SPV, LLC",Limited Liability Company,,DE,01-APR-2025,4104 24TH ST,PMB 8113,San Francisco,CA,94114,https://wefunder.com/
0001821982-25-000005,1,,,Windjammer Sailing 2025 SPV LLC ,Limited Liability Company,,SC,09-JAN-2025,901 NE 10TH COURT ,,Miami,FL,33136,
0002060962-25-000001,1,EdgarFiler,0002063459,AstroBrew SPV LLC,Limited Liability Company,,PA,24-MAR-2025,7 ELM ST,,BOXFORD,MA,01921,
0001670254-25-000270,1,,,"Neighbor pet food I, a series of Wefunder SPV, LLC",Limited Liability Company,,DE,31-MAR-2025,4104 24TH ST,PMB 8113,San Francisco,CA,94114,https://wefunder.com/
0001670254-25-000270,2,,,"Neighbor pet food I EB, a series of Wefunder SPV, LLC",Limited Liability Company,,DE,31-MAR-2025,4104 24TH ST,PMB 8113,San Francisco,CA,94114,https://wefunder.com/
0001670254-25-000271,1,,,"Patriot hard seltzer I, a series of Wefunder SPV, LLC",Limited Liability Company,,DE,31-MAR-2025,4104 24TH ST,PMB 8113,San Francisco,CA,94114,https://wefunder.com/
0001670254-25-000267,1,,,"Magnolia Fund HTX I, a series of Wefunder SPV, LLC",Limited Liability Company,,DE,16-DEC-2024,4104 24TH ST,PMB 8113,San Francisco,CA,94114,https://wefunder.com/
0001670254-25-000268,1,,,"Senoguard I, a series of Wefunder SPV, LLC",Limited Liability Company,,DE,31-MAR-2025,4104 24TH ST,PMB 8113,San Francisco,CA,94114,https://wefunder.com/
